[
    {
        "title": "Getting Started",
        "path": "/getting-started",
        "children": [
            {
                "title": "Introduction",
                "path": "/getting-started/introduction"
            },
            {
                "title": "Contributing",
                "path": "/getting-started/contributing"
            }
        ]
    },
    {
        "title": "Core Concepts",
        "path": "/core-concepts",
        "children": [
            {
                "title": "Basic Usage",
                "path": "/core-concepts/basic-usage"
            },
            {
                "title": "Configuration",
                "path": "/core-concepts/configuration"
            }
        ]
    }
]